{"name":"c8106539-61b3-4015-bd2a-76acbac30cb2","id":"/providers/Microsoft.Flow/flows/c8106539-61b3-4015-bd2a-76acbac30cb2","type":"Microsoft.Flow/flows","properties":{"apiId":"/providers/Microsoft.PowerApps/apis/shared_logicflows","displayName":"Importer fichiers CFONB120 de OneDrive vers Business Central V3","definition":{"metadata":{"workflowEntityId":null,"processAdvisorMetadata":null,"flowclientsuspensionreason":"None","flowclientsuspensiontime":null,"flowclientsuspensionreasondetails":null,"creator":{"id":"f750f56c-320a-490c-a199-16293e563dea","type":"User","tenantId":"48759741-b146-45f4-b494-7e919728e213"},"provisioningMethod":"FromDefinition","failureAlertSubscription":true,"clientLastModifiedTime":"2023-01-30T07:35:16.6593056Z"},"$schema":"https://schema.management.azure.com/providers/Microsoft.Logic/schemas/2016-06-01/workflowdefinition.json#","contentVersion":"1.0.0.0","parameters":{"$connections":{"defaultValue":{},"type":"Object"},"$authentication":{"defaultValue":{},"type":"SecureObject"}},"triggers":{"Lorsqu’un_fichier_est_créé":{"recurrence":{"frequency":"Minute","interval":1},"metadata":{"b!XHSpWFv3RkqtF4xTXAmbpItCWKa5j0ZLp0maOMuXtWUneRnCYMBuQqHLsGvHMc2r.01OIW5SJOGPPHQRBNUL5E2JXJFKKQHT73E":"/Import CFONB120","operationMetadataId":"4894a72f-5c86-4fb4-8494-cac431b43711"},"type":"OpenApiConnection","inputs":{"host":{"apiId":"/providers/Microsoft.PowerApps/apis/shared_onedriveforbusiness","connectionName":"shared_onedriveforbusiness","operationId":"OnNewFileV2"},"parameters":{"folderId":"b!XHSpWFv3RkqtF4xTXAmbpItCWKa5j0ZLp0maOMuXtWUneRnCYMBuQqHLsGvHMc2r.01OIW5SJOGPPHQRBNUL5E2JXJFKKQHT73E","includeSubfolders":false,"inferContentType":true},"authentication":"@parameters('$authentication')"}}},"actions":{"Créer_un_enregistrement_(V3)_(dans_la_table_Data_Exch.)":{"runAfter":{"Initialiser_la_variable":["Succeeded"]},"metadata":{"operationMetadataId":"2c947c5b-893f-40aa-8dff-78a3477fee69"},"type":"OpenApiConnection","inputs":{"host":{"apiId":"/providers/Microsoft.PowerApps/apis/shared_dynamicssmbsaas","connectionName":"shared_dynamicssmbsaas_1","operationId":"PostItemV3"},"parameters":{"bcenvironment":"SANDBOX","company":"3bef0afd-1a99-ea11-a813-000d3a89d98c","dataset":"calliope/cagbr/v1.0","table":"dataExchanges","item/fileName":"@triggerOutputs()?['headers/x-ms-file-name-encoded']","item/dataExchDefCode":"CFONB120"},"authentication":"@parameters('$authentication')"}},"Mettre_à_jour_une_image,_un_fichier_ou_un_document_(V3)":{"runAfter":{"Créer_un_enregistrement_(V3)_(dans_la_table_Data_Exch.)":["Succeeded"]},"metadata":{"operationMetadataId":"595673a4-6aec-4d0d-bf14-0cf855b2d359"},"type":"OpenApiConnection","inputs":{"host":{"apiId":"/providers/Microsoft.PowerApps/apis/shared_dynamicssmbsaas","connectionName":"shared_dynamicssmbsaas_1","operationId":"PatchBlobFromNavigationV3"},"parameters":{"bcenvironment":"SANDBOX","company":"3bef0afd-1a99-ea11-a813-000d3a89d98c","dataset":"calliope/cagbr/v1.0","blobnavigationpath":"dataExchanges/fileContent","pathParameters/dataExchanges":"@outputs('Créer_un_enregistrement_(V3)_(dans_la_table_Data_Exch.)')?['body/systemId']","pathParameters/$content":"@triggerOutputs()?['body']"},"authentication":"@parameters('$authentication')"}},"Exécuter_l’action_(V3)":{"runAfter":{"Mettre_à_jour_une_image,_un_fichier_ou_un_document_(V3)":["Succeeded"]},"metadata":{"operationMetadataId":"06a300a9-e8a4-4573-b613-9d0ae9ec53a7"},"type":"OpenApiConnection","inputs":{"host":{"apiId":"/providers/Microsoft.PowerApps/apis/shared_dynamicssmbsaas","connectionName":"shared_dynamicssmbsaas_1","operationId":"ExecuteProcedureV3"},"parameters":{"bcenvironment":"SANDBOX","company":"3bef0afd-1a99-ea11-a813-000d3a89d98c","dataset":"calliope/cagbr/v1.0","procedure":"dataExchange-directImportStmntFile","parameters/systemId":"@outputs('Créer_un_enregistrement_(V3)_(dans_la_table_Data_Exch.)')?['body/systemId']"},"authentication":"@parameters('$authentication')"}},"Envoyer_un_e-mail_(V2)":{"runAfter":{"Créer_un_enregistrement_(V3)_(dans_la_table_Data_Exch.)":["Failed"]},"metadata":{"operationMetadataId":"d1abe162-41a0-4c3a-8bbc-4ea5185d4323"},"type":"OpenApiConnection","inputs":{"host":{"apiId":"/providers/Microsoft.PowerApps/apis/shared_office365","connectionName":"shared_office365","operationId":"SendEmailV2"},"parameters":{"emailMessage/To":"@variables('FlowStatusMailRecipients')","emailMessage/Subject":"[POFLOW] Erreur import CFONB120 (@{outputs('Créer_un_enregistrement_(V3)_(dans_la_table_Data_Exch.)')?['body/fileName']})","emailMessage/Body":"<p>L'enregistrement dans la table <strong>Data Exch.</strong> n'a pas pu être crée dans <strong>Business Central</strong> pour le fichier <strong></strong><strong>@{outputs('Créer_un_enregistrement_(V3)_(dans_la_table_Data_Exch.)')?['body/fileName']}</strong><strong>.</strong></p>","emailMessage/Importance":"Normal"},"authentication":"@parameters('$authentication')"}},"Envoyer_un_e-mail_(V2)_2":{"runAfter":{"Mettre_à_jour_une_image,_un_fichier_ou_un_document_(V3)":["Failed"]},"metadata":{"operationMetadataId":"987ca002-2baf-4cc3-9e56-80e3d61fa1df"},"type":"OpenApiConnection","inputs":{"host":{"apiId":"/providers/Microsoft.PowerApps/apis/shared_office365","connectionName":"shared_office365","operationId":"SendEmailV2"},"parameters":{"emailMessage/To":"@variables('FlowStatusMailRecipients')","emailMessage/Subject":"[POFLOW] Erreur import CFONB120 (@{outputs('Créer_un_enregistrement_(V3)_(dans_la_table_Data_Exch.)')?['body/fileName']})","emailMessage/Body":"<p>Le fichier bancaire @{outputs('Créer_un_enregistrement_(V3)_(dans_la_table_Data_Exch.)')?['body/fileName']} n'a pas pu être importé dans la table <strong>Data Exch.</strong> dans <strong>Business Central</strong>.</p>","emailMessage/Importance":"Normal"},"authentication":"@parameters('$authentication')"}},"Envoyer_un_e-mail_(V2)_3":{"runAfter":{"Exécuter_l’action_(V3)":["Succeeded"]},"metadata":{"operationMetadataId":"7087aa9f-d57c-4c59-bf8b-ecda838836a0"},"type":"OpenApiConnection","inputs":{"host":{"apiId":"/providers/Microsoft.PowerApps/apis/shared_office365","connectionName":"shared_office365","operationId":"SendEmailV2"},"parameters":{"emailMessage/To":"@variables('FlowStatusMailRecipients')","emailMessage/Subject":"[POFLOW] Succès import CFONB120 (@{outputs('Créer_un_enregistrement_(V3)_(dans_la_table_Data_Exch.)')?['body/fileName']})","emailMessage/Body":"<p>Le fichier bancaire @{outputs('Créer_un_enregistrement_(V3)_(dans_la_table_Data_Exch.)')?['body/fileName']}a été correctement importé dans <strong>Business Central</strong>.</p>","emailMessage/Importance":"Normal"},"authentication":"@parameters('$authentication')"}},"Envoyer_un_e-mail_(V2)_4":{"runAfter":{"Exécuter_l’action_(V3)":["Failed"]},"metadata":{"operationMetadataId":"02ec7a02-4471-4660-bdb4-0879eef1d025"},"type":"OpenApiConnection","inputs":{"host":{"apiId":"/providers/Microsoft.PowerApps/apis/shared_office365","connectionName":"shared_office365","operationId":"SendEmailV2"},"parameters":{"emailMessage/To":"@variables('FlowStatusMailRecipients')","emailMessage/Subject":"[POFLOW] Erreur import CFONB120 (@{outputs('Créer_un_enregistrement_(V3)_(dans_la_table_Data_Exch.)')?['body/fileName']})","emailMessage/Body":"<p>Le traitement du fichier bancaire @{outputs('Créer_un_enregistrement_(V3)_(dans_la_table_Data_Exch.)')?['body/fileName']}a rencontré une erreur dans Business Central.</p>","emailMessage/Importance":"Normal"},"authentication":"@parameters('$authentication')"}},"Initialiser_la_variable":{"runAfter":{},"metadata":{"operationMetadataId":"21ae2058-2e70-424c-b123-72240f6f6351"},"type":"InitializeVariable","inputs":{"variables":[{"name":"FlowStatusMailRecipients","type":"string","value":"fecarnot@groupe-calliope.com"}]}}}},"connectionReferences":{"shared_dynamicssmbsaas_1":{"connectionName":"shared-dynamicssmbsa-d5689b70-c71e-4c65-85e1-f8e19630a6d5","source":"Embedded","id":"/providers/Microsoft.PowerApps/apis/shared_dynamicssmbsaas","tier":"NotSpecified"},"shared_office365":{"connectionName":"shared-office365-3d4fc75f-660d-4018-aa5f-e56810b0827c","source":"Embedded","id":"/providers/Microsoft.PowerApps/apis/shared_office365","tier":"NotSpecified"},"shared_onedriveforbusiness":{"connectionName":"shared-onedriveforbu-6d4dc3be-0d7a-41b9-882f-a17198fef455","source":"Embedded","id":"/providers/Microsoft.PowerApps/apis/shared_onedriveforbusiness","tier":"NotSpecified"}},"flowFailureAlertSubscribed":false,"isManaged":false}}